Species	Role	Accession_or_source	Current_use
S_solidus	Focal	local final release	all preliminary analyses
S_cotti	Focal	local assembly; annotation pending	assembly and repeat analyses only
L_intestinalis	Diphyllobothriidea background	local published annotation	use cautiously because of low protein BUSCO
Spirometra_Aus1	Diphyllobothriidea background	GCA_051168835.1	all background analyses
D_latus	Diphyllobothriidea background	GCA_900617775.1	use cautiously because of low protein BUSCO
S_erinaceieuropaei_PRJEB1202	Optional Diphyllobothriidea	PRJEB1202/WBPS19	phylogeny or sensitivity analysis only
E_multilocularis	Cyclophyllidea background	GCA_000469725.3	all background analyses
H_microstoma	Cyclophyllidea background	PRJEB124/WBPS19	all background analyses
E_granulosus	Cyclophyllidea background	GCA_021556725.1	all background analyses
T_solium	Cyclophyllidea background	GCA_001870725.1	use gene absence cautiously
T_multiceps	Cyclophyllidea background	PRJNA307624/WBPS19	use gene absence and contractions cautiously
